contract_key_type,contract_durability,deleted,n
ScValTypeScvVec,ContractDataDurabilityTemporary,true,319360165
ScValTypeScvVec,ContractDataDurabilityTemporary,false,131647399
ScValTypeScvU128,ContractDataDurabilityTemporary,false,9297707
ScValTypeScvVec,ContractDataDurabilityPersistent,false,1582087
ScValTypeScvString,ContractDataDurabilityTemporary,false,260669
ScValTypeScvU64,ContractDataDurabilityTemporary,false,180185
ScValTypeScvLedgerKeyContractInstance,ContractDataDurabilityPersistent,false,156173
ScValTypeScvBytes,ContractDataDurabilityPersistent,false,23444
ScValTypeScvVec,ContractDataDurabilityPersistent,true,17914
ScValTypeScvAddress,ContractDataDurabilityPersistent,false,6509
ScValTypeScvString,ContractDataDurabilityPersistent,false,5696
ScValTypeScvSymbol,ContractDataDurabilityPersistent,false,2109
ScValTypeScvU32,ContractDataDurabilityTemporary,false,295
ScValTypeScvU32,ContractDataDurabilityPersistent,false,253
ScValTypeScvU64,ContractDataDurabilityPersistent,false,53
ScValTypeScvSymbol,ContractDataDurabilityTemporary,true,50
ScValTypeScvSymbol,ContractDataDurabilityTemporary,false,46
ScValTypeScvAddress,ContractDataDurabilityPersistent,true,42
ScValTypeScvMap,ContractDataDurabilityPersistent,false,28
ScValTypeScvBytes,ContractDataDurabilityTemporary,false,24
ScValTypeScvU64,ContractDataDurabilityPersistent,true,6
ScValTypeScvAddress,ContractDataDurabilityTemporary,true,3
ScValTypeScvBytes,ContractDataDurabilityPersistent,true,2
ScValTypeScvSymbol,ContractDataDurabilityPersistent,true,2
ScValTypeScvI32,ContractDataDurabilityPersistent,false,1
ScValTypeScvBytes,ContractDataDurabilityTemporary,true,1
ScValTypeScvAddress,ContractDataDurabilityTemporary,false,1